event_label,executions,cases,avg_h,p50_h,p90_h
nursing,300,300,42.59258658251574,46.32958985916666,70.24053322355556
surgery,124,123,2.8522967686447136,3.147739372916667,4.533596344944445
ER_treatment,241,241,1.9701314458171968,1.9840051575,2.5833963322222226
intake,272,272,1.0016973768852124,0.9997717593055555,1.1439938897777777
emergency_patient,241,241,0.0,0.0,0.0
patient_referal,363,363,0.0,0.0,0.0
releasing,438,438,0.0,0.0,0.0
time_for_intake,274,274,0.0,0.0,0.0
