event_label,executions,cases,avg_h,p50_h,p90_h
nursing,11604,11510,44.62045026884676,62.0,72.0
surgery,4381,4324,2.9088550998319764,3.3089088447222226,4.592507977222223
ER_treatment,6074,6074,1.997876953310513,2.003755766111111,2.6327534254444442
intake,9312,9312,1.0012728528783648,1.0004859944444444,1.1621012346944444
emergency_patient,6085,6085,0.0,0.0,0.0
patient_referal,9353,9353,0.0,0.0,0.0
releasing,14503,14503,0.0,0.0,0.0
time_for_intake,9312,9312,0.0,0.0,0.0
